; El Archivo Poi Ascii ha sido creado Encendio 16/06/2016 por PoiEdit, ©2002-2008 por Dnote Software (http://www.dnote.nl). Todos Los Derechos Reservados.

-0.40980, 39.06956, "Area AC Hort de Soriano (Carcaixent)  (Gratuito;Agua:si;vaciado:si;WC:si; electric;no)"
-8.87961, 42.64356, "Area de ac playa de Barraña (Boiro)  (Gratuito; Agua:Si:Wc:en verano)"
0.35921, 42.90715, "Arreau Ã¡rea AC municipal  (2 euros;Agua:si;vaciado:si;WC:no; electric;no)"
-0.41007, 38.39479, "Camper Area Campello Beach   (14eur/noche;Agua:si;WC:si;Electr.:si 3eur;Ducha:si)"
-8.44443, 43.37179, "A Coruña  Gratuito: Si, Pernocta: Si, WC: Si, Agua: Si"
-7.18561, 43.35529, "A Pontenova  Gratuito; Agua: si; Wc: No"
0.72158, 40.72556, "AC Agrobotiga del Delta  (Gratuito;Agua:si;Wc:no)"
2.52043, 41.81417, "AC Arbucies  (Gratuito;Agua:si;Wc:no)"
4.63021, 43.68370, "AC Arles  (Gratuito;Agua:si;WC:no)"
9.67130, 39.75402, "AC Baccu e Praidas  (10eur/24h;Agua:si;WC:si;Electricidad:no)"
1.27773, 41.78121, "AC Bon Area Guissona  (Gratuito;Agua:si;Wc:si)"
4.50299, 51.28586, "AC Brasschaat  (Gratuito;Agua:si;Wc:no)"
1.28364, 41.67803, "AC Cervera  (Gratuito;Agua:si;Wc:no)"
0.31783, 47.06500, "AC Champigny-sur-Veude  (Gratuito;Agua:si;WC:si)"
1.65895, 45.05802, "AC Collonges la Rouge  (5eur/noche;Agua:si;WC:si)"
1.00682, 44.77714, "AC de Belves  (Gratuito;Agua:si;WC:no)"
1.58078, 45.05397, "Ac de Turenne  (Gratuito;Agua:si;WC:no)"
13.74581, 51.04677, "AC Dresden Zentrum  (13eur/dia, Agua:si WC:no)"
13.65136, 68.30725, "AC Eggum  (110coronas/noche;Agua:si;Wc:no)"
1.32661, 41.17643, "AC El Catllar  (Gratuito;Agua:si;Wc:si)"
0.73375, 41.12671, "AC El Masroig  (Gratuito;Agua:si;WC:si)"
10.31922, 47.72945, "AC kempten  (5eur/n24h;Agua:si;WC:no)"
13.58558, 52.45926, "AC Koepenicker Hof  (10eur/24h, Agua:Si WC:Si)"
1.17270, 41.41435, "AC La Guardia dels Prats  (10eur/noche;Agua:si;WC:si;Electricidad:si)"
0.96624, 42.23810, "AC La Pobla de Segur  (Gratuito;Agua:si;Wc:no)"
10.03346, 59.04898, "AC Larvik  (15eur/noche; Agua:si; WC:si)"
-2.33781, 43.03665, "Ac Mirandaola. Legazpi  Agua: Si, Wc: Si, Gratuito: Si"
-1.37337, 49.48510, "AC Montebourg  (Gratuito;Agua:si;Wc:no)"
9.32747, 40.31462, "AC Nuoro  (Gratuito;Agua:si;WC:no)"
2.32174, 41.92158, "AC Parc de les set fonts  (Gratuito;Agua:si;Wc:si)"
2.68943, 41.62198, "AC Pineda de Mar  (10eur,WC:no, Elect:no,Wifi, duchas:no)"
12.38906, 41.88505, "AC Real Sporting Village  (15eur/noche;Agua:si;WC:si)"
-3.72811, 43.44705, "AC Ribamontan al mar  (9eur/noche;Agua:si;Wc:si)"
1.75121, 44.15179, "AC Saint Antonin Noble Val  (Gratuito;Agua:si;Wc:no)"
-1.99403, 48.64347, "AC Saint Malo  (7.5eur/noche;Agua:si;WC:no)"
0.32309, 42.82247, "AC Saint-Lary-Soulan  (6eur/noche;Agua:si;WC:si)"
2.28421, 42.23567, "AC Sant Joan de les Abadesses  (Gratuito;Agua:si;Wc:no)"
5.71170, 43.68666, "AC Sant Paul Les Durance  Agua: Si, WC: No, Gratuito: Si"
2.74448, 41.80704, "AC Sils  (Gratuito;Agua:si;Wc:no)"
8.52041, 39.90794, "AC Torre Grande  (Gratuito:no;Agua:si;WC:si;Electricidad:si)"
7.06263, 45.62630, "AC Valgrisenche  (Gratuito;Agua:si;WC:no)"
7.20708, 45.59389, "AC Valsavarenche  (5eur/noche;Agua:si;WC:no)"
5.52248, 46.77409, "Aire du Jura  Gratuito; Agua: si, Wc: si; area de servicio autopista"
-4.08879, 37.59001, "Alcaudete ( Jaen )  gratuito: si, agua: si, wc:no"
13.09759, 54.31272, "Am Langenwall  Agua: No, Wc: Si, Luz: No, Gratuito: No 4eur día"
6.66433, 43.96318, "Annot  Gratuito: Si  Agua potable: Si  WC No"
-3.69556, 41.66849, "Aranda de Duero  Gratuito; Agua: si; Wc: no"
3.11329, 45.58797, "Area AC  Champeix  (Gratuito;Agua:si;vaciado:si;WC:no; electric;no)"
1.10464, 41.39847, "Area AC  de LEspluga de Francoli  (Gratuito;Agua:1eur; Electric:1 eur; vaciado:si; WC:si)"
3.85396, 44.72299, "Area AC  Langogne  (Gratuito;Agua:si 3eur;vaciado:si;WC:si; electric;no)"
-1.47701, 48.60376, "Area Ac a Bidonniere (Ardevon)  Tarifa: 10 eur/noche; Agua: si; Wc; si; duchas, wifi"
-8.25611, 42.76222, "Area Ac A Carixa (Vila de Cruces)  (Gratuito;Agua:si;Wc:no;Vaciado:si;Elec:no)"
-7.79195, 42.44155, "Area Ac A Peroxa  (Gratuito;Agua:si;Wc:si;Vaciado:si;Elec:?)"
-7.11513, 42.38907, "Area ac A Rua  Gratuito; Agua: si; Wc: no; Grises: si; Negras: si; Electr: no"
6.10291, 50.76145, "Area Ac Aachen-Aquisgran  (Gratuito:no(15eur/24h);Agua:si;Wc:si;Vaciado:si;Elec:si)"
-2.77737, 37.15425, "Area Ac Abla-Montagon  (Gratuito;Agua:si;Wc:si;Vaciado:si;Elect:no)"
-8.02111, 42.75889, "Area ac Agolada  (Gratuito;Agua:si;Wc:no;Vaciado:si;Elec:no)"
-1.93007, 41.84743, "Area Ac Agreda   (Gratuito;Agua:si;Wc:si;Vaciado:si;Elec:no)"
-4.25724, 42.78630, "Area ac Aguilar de Campoo  Gratuito; Agua: si; Wc: no; Grises: si; Elec: no"
4.18631, 43.56691, "Area Ac Aigues Mortes  (7e/noche, Agua:si,WC:no)"
-5.71036, 38.03745, "Area ac Alameda del Parral (Alanis)  (Gratuito;Agua:si;Wc:no;Vaciado:si;Elec:no)"
-0.50825, 41.12133, "Area AC Albalate del Arzobispo  (Gratuito;Agua:si;vaciado:si;WC:no; electric;no)"
-3.21934, 39.38959, "Area Ac Alcazar de San Juan  (Gratuito;Agua:si;Wc:no;Vaciado:si;Elec:?)"
1.17290, 41.26326, "Area Ac Alcover  (5eur/noche;Agua:si;Wc:no;Vaciado:si;Elec:no)"
6.15842, 62.47643, "Area Ac Alesund  (Precio:18eur;Agua:si;Wc:no;Vaciado:si;Elec:si;duchas,wifi)"
11.62534, 48.22077, "Area Ac Allianz Arena (Munich)  (Gratuito: no (10 eur/24 h.); Agua: si; Wc: si; tren y autobus al centro)"
-2.79397, 36.69709, "Area Ac Almerimar (El Eljido)  (Precio:8eur/24h;Agua:si;Wc:si;Vaciado:si;Elec:si;Duchas)"
9.27856, 50.74863, "Area Ac Alsfeld  (Gratuito:no(5eur/24h);Agua:si;Wc:no;Vaciado:si;Elec:si)"
23.48611, 69.98899, "Area Ac Alta  (Gratuito;Agua:si;Wc:si;Vaciado:si;Elec:?)"
6.13846, 49.24773, "Area Ac Amneville  (Gratuito;Agua:si;Wc:si;Vaciado:si;Elec:?)"
-0.44725, 40.98399, "Area ac Andorra  (Gratuito;Agua:si;Wc:no;Vaciado:si;Elect:?)"
12.42003, 43.55950, "Area Ac Apecchio  Gratuito: si; Agua: si; Wc: no"
11.88750, 43.47170, "Area Ac Arezzo  Gratuito: si; Agua: si; Wc: no"
-1.59155, 42.17361, "Area Ac Arguedas  (Gratuito;Agua:si(de pago);Wc:no;Vaciado:si;Elec:de pago)"
-2.23987, 42.21404, "Area ac Arnedillo  Gratuito; Agua: si; Wc: si"
2.78836, 50.29442, "Area Ac Arras  (Gratuito;Agua:si;Wc:no;Vaciado:si;Elec:si)"
-0.62580, 49.33906, "Area Ac Arromanches  (Gratuito;Agua:si;Wc:si;Vaciado:si;Elec:?)"
-2.09570, 42.58921, "Area AC Arroniz  (Gratuito;Agua:si;vaciado:si;WC:no; electric;no)"
-0.39439, 42.87507, "Area AC Artouste-Fabreges  (Gratuito;Agua:si 5eur; vaciado:si; electric:si 5 eur; WC:no)"
-8.41389, 42.08722, "Area AC As Neves  (Gratuito;Agua:si;Vaciado:si;Elect:no;Wc:no)"
-7.10733, 42.81034, "Area AC As Nogais  (Gratuito;Agua:si;vaciado:si;WC:no; electric;no)"
0.56835, 41.18698, "Area Ac Ascó  Gratuito:Si Agua:Si WC:No Electric:No"
-6.06599, 42.45136, "Area ac Astorga  Gratuito: Si, Pernocta: Si Agua: Si WC:No"
0.58601, 43.63736, "Area Ac Auch  4 eur/noche; Agua: si; Wc: si"
-2.97342, 47.66396, "Area Ac Auray  (Gratuito;Agua:si;Vaciado:si;Wc:no)"
6.07838, 45.05180, "Area Ac Auris-en-Oisans  (Gratuito;Agua:si(2eur);Wc:no;Vaciado:si;Elec:?)"
4.31630, 46.95545, "Area ac Autun  (Gratuito;Agua:si;Wc:si;Vaciado:si;Elec:?)"
7.39034, 45.07324, "Area AC Avigliana  (Gratuito;Agua:si;vaciado:si;WC:no; electric;no)"
0.17715, 47.21286, "Area Ac Avoine  (4uer/24h;Agua:2eur:Wc:no;Vaciado:si;Elect:2eur)"
-2.04550, 42.65421, "Area Ac Ayegui  (Gratuito;Agua:si;Wc:no;Vaciado:si;Elect:?)"
9.79737, 50.31196, "Area Ac Bad Bruckenau  (Gratuito:no(3eur/24h);Agua:si;Wc:no;Vaciado:si;Elec:si)"
-6.97873, 38.88471, "Area Ac Badajoz  (Gratuito;Agua:si;WC:si;Vaciado:si;Elect:no)"
8.20428, 48.78174, "Area Ac Baden Baden  (7eur/noche;Agua:si;Wc:no;Vaciado:si;Elec:?)"
-3.45957, 37.99629, "Area AC Baeza  (Gratuito;Agua:si;vaciado:si;WC:no; electric;no)"
0.15366, 43.07330, "Area Ac Bagneres de Bigorre  Gratuito; Agua: si; Wc: no"
6.03120, 45.97138, "Area AC Balme de Sillingy  (5eur/24h; Agua:si; WC:no)"
10.90295, 49.88608, "Area Ac Bamberg  (Gratuito:no(8eur/noche);Agua:si;Wc:no;Vaciado:si;Elec:no)"
-8.35468, 43.33976, "Area AC Bastiagueiro (Oleiros)  (Gratuito;Agua:si;vaciado:si;WC:no; electric;no)"
-0.70711, 49.28061, "Area ac Bayeux  (Gratuito;Agua:si;Wc:si;Vaciado:si;Electr:si)"
12.01018, 47.67176, "Area AC Bayrischzell  (10 eur/dia;Agua:si 0,50/25l.;vaciado:si;WC:si; electric;si 0,50/12 h.)"
1.63630, 47.77945, "Area AC Beaugency  Gratuito; Agua: si (de pago); Wc: si; Electr: si (de pago)"
4.83685, 47.01776, "Area Ac Beaune  (Gratuito;Agua:si;Wc:no;Vaciado:si;Elec:?)"
-7.15322, 42.85283, "Area ac Becerreá  (Gratuito;Agua:si;Wc:no;Vaciado:si;Elec:?)"
5.17341, 44.12419, "Area Ac Bedoin   Gratuito: si; Agua: si; Wc: no"
9.01748, 46.20135, "Area AC Bellinzona  (20 chf/24h;Agua:si;vaciado:si;WC:no; electric;no)"
12.21410, 46.13766, "Area ac Belluno  Gratuito:no;Agua:si;Wc:si;Vaciado:si;Elect:no"
1.56985, 41.24624, "Area Ac Bellvei del Penedes  (Gratuito:no(8eur/noche);Agua:si;Wc:si;Vaciado:si;Elec:no)"
-1.10108, 39.70905, "Area AC Benageber  (Gratuito;Agua:si;vaciado:si;WC:no; electric;no)"
-2.42424, 43.10340, "Area Ac Bergara   (Gratuito;Agua:si;Wc:no;Vaciado:si;Elec:?)"
0.50389, 44.87108, "Area Ac Bergerac  (Gratuito;Agua:si;Wc:no)"
-2.72611, 43.42330, "Area Ac Bermeo  gratuito: si, agua:si, wc:no"
-0.24272, 44.36954, "Area AC Bernos Beaulac   (4 euros/dia;Agua:2 euros; vaciado:si;WC: no; electric;no)"
-1.66520, 42.84038, "Area Ac Berriozar  (Gratuito;Agua:si;Wc:no;Vaciado:si;Elec:no)"
-0.44537, 39.57951, "Area AC Bétera  (12eu/24h,agua,wc,elec)"
-1.57174, 43.46590, "Area Ac Biarritz  (12eur/24h;Agua: si;Wc:no;Vaciado:si;Electr:si)"
-0.79065, 39.13286, "Area AC Bicorp  (5euros/24h Agua:Si WC:Si)"
7.94462, 49.96882, "Area Ac Bingen  (10eur/noche;Agua:si;Wc:no;Vaciado:si;Elec:si)"
-1.24529, 44.45887, "Area ac Biscarrosse Plage  (Tarifa:10eur/noche;Agua:si;Wc:no;Elect:no)"
11.79350, 50.05370, "Area AC Bischofsgrun  (Gratuito;Agua:si;vaciado:si;WC:si; electric;si 1 eur/8h)"
0.66167, 44.17784, "Area AC Boe  (Gratuito;Agua:si 3 eur;vaciado:si;WC:no; electric;no)"
11.33717, 46.47317, "Area AC Bolzano  (8 euros;Agua:si;vaciado:si;WC:no; electric:no)"
-5.32588, 42.87276, "Area ac Boñar  Gratuito; Agua: si; Wc: no; Grises: si; Negras: si; Electr: no"
2.49721, 45.39896, "Area AC Bort-les-Orgues   (Gratuito;Agua:si;vaciado:si;WC:no; electric;no)"
1.59751, 50.74415, "Area AC Boulogne Sur Mer  (5,25/48 h;Vaciado:si; Agua:3 eur;WC:no;Electric.:no)"
2.39861, 47.07638, "Area Ac Bourges  Gratuito: si; Agua: si; Wc: si"
0.97461, 43.17786, "Area AC Boussens  (Gratuito;Agua:si;vaciado:si;WC:no; electric;no)"
1.64400, 44.48413, "Area Ac Bouzies  Gratuito; Agua: si; Wc: si"
13.53951, 46.33312, "Area Ac Bovec  Gratuito: no; Agua: si;Wc: no; Grises: si; Elec: si"
-6.74825, 41.80463, "Area Ac Braganza  Gratuito: si; Agua: si; Wc: si"
0.64585, 45.37910, "Area AC Brantome"
0.64791, 45.36042, "Area Ac Brantome  Tarifa: 3.5 eur/noche; Agua: si (2 eur); Wc: no"
7.62047, 45.92608, "Area ac Breuil-Cervinia  Tarifa:6eur/noche;Agua:si;Wc:no;Vaciado:si;Elect:no"
2.69351, 44.00515, "Area Ac Broquies  (Gratuito;Agua:si;WC:si;Vaciado:si;Elect:si)"
-2.76267, 40.36809, "Area AC Buendia  (5 eur/24h;Agua:si;vaciado:si;WC:si; electric;no)"
8.40184, 39.40275, "Area AC Buggerru  (19 euros;Agua:si;vaciado:si;WC:no; electric;si; duchas: si)"
8.12920, 48.68872, "Area Ac Bühl  Gratuito: no (5 eur/noche); Agua: si; Wc: no"
-3.68056, 42.35139, "Area Ac Burgos  (Gratuito;Agua:si;Wc:no;Vaciado:si;Electr:no)"
-2.14961, 36.81611, "Area Ac Cabo de Gata Park  (7eur/noche;Agua:si;Wc:si;Vaciado:si;Area privada)"
1.44090, 44.44022, "Area Ac Cahors  Gratuito; Agua: si; Wc: no"
1.51397, 41.73494, "Area Ac Calaf  Gratuito:Si Agua:Si WC:No Elec:No"
-1.64679, 41.35056, "Area Ac Calatayud  (Gratuito;Agua:si;Wc:no;Vaciado:si;Elec:no)"
-4.60858, 48.27410, "Area Ac Camaret sur Mer  Gratuito: no (4 eur/noche); Agua: si; Wc: no"
0.17829, 43.01819, "Area ac Campan  Gratuito; Agua: Si; Wc: si"
14.51606, 46.09956, "Area AC Campark Aleksander Kovac, LJUBLJANA  (14eur/noche;Agua:si;WC:si;Electr.:si;Ducha:si)"
-0.15270, 38.93856, "Area AC Camper Park Km Zero LAlqueria de la Comtes  (12 eur/24 h.;Agua:si;vaciado:si;WC:si; Duchas:si; elect:si)"
2.58947, 44.56800, "Area Ac Campuac  (Gratuito;Agua:si;WC:si;Vaciado:si;Elect:no)"
-5.77208, 43.58487, "Area Ac Candas  (Gratuito;Agua:si;Wc:no;Vaciado;si;Elec:no)"
-5.12553, 43.35260, "Area Ac Cangas de Onis  Gratuito: Si, Pernocta: Si, WC: No, Agua: Si"
-0.40742, 40.52591, "Area Ac Cantavieja  (Gratuito;Agua:si;Wc:no;Vaciado:si;Elect:?)"
-1.44719, 43.63606, "Area Ac Capbreton  (12eur/noche;Agua:si;WC:si;vaciado:si;Elect:?)"
-7.87437, 43.73358, "Area AC CariÃ±o  (Gratuito;Agua:si;vaciado:si;WC:no; electric;no)"
-1.23041, 41.33796, "Area Ac Cariñena  (Gratuito;Agua:si;Wc:no;Vaciado:si;Elect:no)"
-3.08237, 47.58462, "Area Ac Carnac  (Gratuito;Agua:si;Wc:si;Vaciado:si;Elec:?)"
-9.09585, 42.84105, "Area ac Carnota  (Gratuito;Agua:si;Wc:no;Vaciado:si;Elec:no)"
-4.60800, 42.33812, "Area AC Carrion de los Condes  Gratuito: Si Agua: Si WC: No"
-1.00549, 37.61503, "Area Ac Cartagena  (Precio:11eur/noche;Agua:si;Wc:si;Vaciado:si;Elec:si)"
-0.58350, 45.18262, "Area AC Cartelegue  (Gratuito;Agua:si 3 euros;vaciado:si;WC:no; electric;3 euros)"
-2.91472, 42.54583, "Area Ac Casalarreina  (Gratuito;Agua:si;Wc:no;Vaciado:si;Elec:?)"
8.73269, 44.63341, "Area AC Casaleggio Boiro  (Gratuito;Agua:si;Wc:no;Vaciado:si;Elec:no)"
0.07896, 44.31055, "Area AC Casteljaloux"
6.51650, 43.84601, "Area AC Castellane  Gratuito: no (5eur/24 h.) Agua: si; Wc: no"
-5.42141, 36.28332, "Area AC Castellar de la Frontera  (Gratuito;Agua:si;vaciado:si;WC:no; electric;no)"
1.34027, 42.99998, "Area Ac Castelnau-Durban  (Gratuito;Agua:si;Wc:no;Vaciado:si;Elec:no)"
1.35239, 44.27445, "Area Ac Castelnau-Montratier  Gratuito; Agua: si (2 eur.); Wc: no; Grises: si; Negras: si; Elect: no"
-8.27381, 41.03967, "Area AC Castelo de Paiva  (Gratuito;Agua:si;vaciado:si;WC:no; electric;no)"
7.48541, 45.73949, "Area AC Castillo de Fenis  (Gratuito;Agua:si;vaciado:si;WC:no; electric;no)"
-2.38315, 39.66098, "Area AC Castillo de GarcimuÃ±oz  (Gratuito;Agua:si;vaciado:si;WC:no; electric;no)"
-7.41793, 42.37476, "Area Ac Castro Caldelas  (Gratuito;Agua:si;Wc:no;Vaciado:si;Elec:no)"
-7.44465, 37.22004, "Area Ac Castro Marim  Gratuito; Agua: si; Wc: no"
1.52606, 41.72947, "Area Ac Catalana de Calaf   (10eur/noche;Agua:si(3eur);Wc:no;Vaciado:si(3eur);Elec:si)"
3.64633, 50.07606, "Area Ac Catillon-sur-Sambre  (Gratuito;Agua:si:Wc:no;Vaciado:si;Elect:si)"
7.01866, 47.63320, "Area AC Cavannes sur Letang  (8eur/noche;Agua:si;Wc:no;Vaciado:si;Elec:?)"
10.07243, 52.62772, "Area Ac Celle  (Gratuito;Agua:si;Wc:no;Vaciado:si;Elec:no)"
-1.59108, 48.11816, "Area Ac Cesson-Sevigne  (Gratuito;Agua:si(2eur);Wc:no;Vaciado:si;Elec:si)"
-1.26612, 38.08146, "Area Ac Ceuti  (Gratuito;Agua:si;Wc:no;Vaciado:si;Elec:?)"
-1.26556, 47.33826, "Area Ac Champtoceaux  (Precio:3eur/noche;Agua:si;Wc:si;Vaciado:si;Elec:?)"
0.45165, 45.82484, "Area Ac Chasseneuil sur Bonnieure  (Gratuito;Agua:si;Wc:no;Vaciado:si;Elec:si)"
-1.37806, 47.70314, "Area Ac Chateaubriant  Gratuito; Agua; si; Wc:no"
-0.05668, 45.59879, "Area Ac Chateneuf sur Charente   (Tarifa:5eur/noche;Agua:si(2eur);Wc:no;Vaciado:si;Elect:?)"
10.56248, 44.00462, "Area AC Chifenti (Bagni di Lucca)  (Gratuito;Agua:si;vaciado:si;WC:no; electric;si)"
7.43442, 49.05415, "Area Ac Citadelle Bitche  (Gratuito;Agua:si;Wc:si;Vaciado:si;Elec:si)"
12.55779, 55.65903, "Area AC Citycamp (Copenhage)  Gratuito: no (25 eur/noche); Agua: si; Wc: si; Grises: si"
2.20726, 41.42423, "Area Ac Citystopbcn  (30eur/noche;Agua:si;WC:si;Elect:4eur;Duchas)"
-0.48117, 48.91888, "Area ac Clecy  Gratuito; Agua: si (jeton 2eur);Wc: si; Vaciado: si; Elec: no"
7.35834, 45.60844, "Area AC Cogne  (10 euros;Agua:si;vaciado:si;electric:si;WC:no)"
-8.42958, 40.19993, "Area ac Coimbra  (Gratuito;Agua:si;Wc: no;Vaciado:si;Elect:?)"
-4.55387, 43.38040, "Area Ac Colombres  (Gratuito;Agua:si;Wc:no;Vaciado:si;Elec:no;area privada)"
2.02558, 41.36527, "Area Ac Colonia Guell  (Gratuito;Agua:si;Wc:si)"
-5.26054, 43.48468, "Area Ac Colunga   (4 eur/noche;Agua:si;Wc:si;Vaciado:si;Elec:?)"
6.50646, 43.70624, "Area Ac Comps-sur Artuby  (Gratuito;Agua:si;Wc:si;Vaciado:si;Elec:si)"
-3.92052, 47.87897, "Area Ac Concarneu  (Gratuito:no(3eur/noche);Agua:si;Wc:si;Vaciado:si;Elec:?)"
5.59955, 46.65264, "Area Ac Conliege  Gratuito:Si Agua:SI. WC:SI"
-8.34332, 39.47701, "Area ac Constancia  (Gratuito;Agua:si;Wc:si;Vaciado:si;Elec:no)"
-1.31921, 44.09353, "Area ac Contis Plage  (Tarifa:11eur/24h;Agua:si;Wc:si;Vaciado:si;Elect:si)"
0.47559, 41.07458, "Area AC Corbera d Ebre  (Gratuito;Agua:si;vaciado:si;WC:no; electric;no)"
1.95788, 44.06432, "Area ac Cordes sur Ciel  Gratuito: no (5 eur/noche); Agua: si; Wc: no"
-4.39832, 43.23353, "Area Ac Cosio (Valle de Nansa)  (Area privada;gratuito;agua,wc,vaciado)"
0.17830, 46.29857, "Area ac Couhé  (Gratuito;Agua:si;Wc:si;Vaciado:si;Elec:no)"
-0.34809, 44.77655, "Area Ac Creon  (Gratuito;Agua:si(2eur);Wc:no;Vaciado:si;Elec:si)"
1.60571, 46.45903, "Area Ac Cuzion   (Gratuito;Agua:si:Wc:no;Vaciado:si;Elect:no)"
-0.02260, 47.24089, "Area Ac Dampierre sur Loire  (Gratuito;Agua:si (2eur);Wc:si;Vaciado:si;Elec:no)"
-1.04945, 43.71435, "Area ac Dax  Gratuito;Agua:si;Wc:no;Vaciado:si;Elect:?"
-8.06401, 38.70050, "Area AC de Arraiolos   (Gratuito;Agua:si;vaciado:si;WC:no; electric;no)"
-0.11256, 42.89361, "Area Ac de Cauterets  Gratuito:no(10eur/dia)Agua:si;Wc:si;Vaciado:si;Electr:si"
-8.49521, 40.11313, "Area AC de Condeixa-A-Nova  (Gratuito;Agua:si;vaciado:si;WC:no; electric;no)"
-2.01442, 43.30792, "Area AC de Donosti  Gratuito: no, Agua: si, Wc: no"
-7.25775, 43.56322, "Area ac de Foz  (Gratuito;Agua:si;Wc:no;Vaciado:si;Elec:?)"
5.60792, 48.24051, "Area Ac de Goncourt  Gratuita; Agua: si (2 eur); Wc: no"
-2.02963, 48.45451, "Area Ac de Lanvallay  (Gratuito;Agua:si;Wc:si;Vaciado:si;Elec:?)"
-0.42240, 42.98787, "Area Ac de Laruns  Gratuito: no; Agua: si (2 eur); Wc: si"
-7.51994, 37.16536, "Area Ac de Manta Rota  (5eur/noche;Agua:si;Wc:no;Vaciado:si;Elec:si(2.5eur))"
-4.74117, 42.51855, "Area ac de SaldaÃ±a  Gratuito; Agua: si; wc: no"
-9.38350, 38.91809, "Area AC de Santa Susan (Pobral)  (Gratuito;Agua:si;vaciado:si;WC:no; electric;no)"
-1.58398, 43.31207, "Area Ac de Sare  (6eur/noche;Agua:si;Wc:si;Vaciado:si;Elec:?)"
7.40611, 48.23335, "Area Ac de Selestat   (Gratuito;Agua:si;Wc:si;Vaciado:si;Elec:?)"
-1.68285, 42.52634, "Area Ac de Tafalla  (Gratuito;Agua:si;Wc:si;Vaciado:si;Elec:?)"
0.89043, 42.16312, "Area Ac de Tremp  Gratuito; agua: si; Wc: no"
10.97838, 45.43375, "Area Ac de Verona  Gratuito: no (10eur/noche); Agua: si; Wc: no"
-1.40689, 43.77930, "Area AC de Vieux-Boucau  Agua: Si. WC: ?. Gratuito: No (5eur o 10eur depede temporada)"
2.54679, 42.15230, "Area ac del camping Lava (Santa Pau)  Tarifa: 11 eur/noche; Agua:si; Wc: si; Grises: si; Elec: si"
-1.45486, 43.59621, "Area Ac des Arenes(Labenne)  (8eur/noche;Agua:si; Wc:si;Vaciado:si:Elec:?)"
10.16844, 49.80102, "Area Ac Dettelbach  (Gratuito:no(5eur/24h);Agua:si;Wc:no;Vaciado:si;Elec:no)"
1.08660, 49.93013, "Area Ac Dieppe  (7 eur/noche;Agua:si;Wc:si;Vaciado:si;Elec:?)"
3.97131, 46.48085, "Area Ac Digoin  Gratuito;Agua:si;Wc:si;Vaciado:si;Elect:?"
10.32908, 49.07818, "Area ac Dinkelsbuhl  (Gratuito:no(10eur);Agua:Si;Wc:si;Vaciado:si;Elect:si)"
1.22165, 44.80049, "Area AC Domme  Gratuito: no (5 eur/noche); Agua: si (2 eur.); Wc: no"
-5.86314, 38.96264, "Area Ac Don Benito  (Gratuito;Agua:si;Wc:no;Vaciado:si;Elec:no)"
0.97549, 42.87535, "Area Ac du Biros (Bonac-Irazein)  (Gratuito;Agua:si;Wc:si;Vaciado:si;Elec:?)"
1.36404, 50.05831, "Area Ac du Funiculaires (Treport)  (Precio:6eur/24h;Agua:si;Wc:si;Elec:si)"
2.56550, 42.86144, "Area Ac Duilhac sous Peyrepertuse  (Gratuito;Agua:si;Wc:si)"
-2.92624, 41.95260, "Area Ac Duruelo de la Sierra  (Gratuito;Agua:si;Wc:no;Vaciado:si;Elec:no)"
-5.67451, 43.27809, "Area Ac El Cadaviu (Langreo)  (Gratuito;Agua:si;Wc:no;Vaciado:si;Elect:no)"
-5.63889, 43.28637, "Area Ac El Entrego  (Gratuito;Agua:si;wc:no;Vaciado:si;Elec:no)"
-6.22103, 36.59877, "Area Ac El Puerto de Sta Maria  (Area privada;6eur/noche;Agua:no;Wc:no;Vaciado:Si;Elec:no)"
-2.61568, 42.51499, "Area AC Elciego  (Gratuito;Agua:si;vaciado:si;WC:si; electric;2 euros/12 h.)"
0.75929, 40.66869, "Area ac Els Muntells  (6eur/noche;Agua: si(3eur);Wc:si;Vaciado:si)"
-2.58073, 47.73905, "Area Ac Elven  Gratuito: Si, Pernocta: Si Agua: Si WC: Si"
3.11505, 41.85776, "Area Ac EmpordArea (Palamos)  (12eur/noche;Agua:si;Wc:no;Vaciado:si;Elec:si)"
1.57858, 42.53263, "Area ac Encamp 2  Gratuito: no (15 eur); Agua: si; Wc: si"
-8.12141, 41.93261, "Area ac Entrimo  Gratuito; Agua: si; Wc: no"
2.21584, 42.93374, "Area Ac Esperaza  (Gratuito;Agua:si;Wc:no;Vaciado:si;Elec:no)"
-3.55759, 43.08566, "Area Ac Espinosa de los Monteros  (Gratuito;Agua:si;Wc:no;Vaciado:si;Elect:no)"
-0.74806, 42.97912, "Area ac estacion esqui La Pierre St Martin  Gratuito; Agua: si; Wc: si"
6.12393, 45.02367, "Area Ac Estacion esqui Les Deux Alpes  Gratuito: no (6 eur/noche); Agua: no; Wc: no"
-8.56634, 40.75409, "Area Ac Estarreja  (Precio:2eur/24h;Agua:si;Wc:no;Vaciado:si;Elec:?)"
0.21611, 49.70039, "Area Ac Etretat  (Precio:8eur/24h;Agua:si;Wc:no;Vaciado:si;Elec:si)"
8.41746, 48.93586, "Area Ac Ettlingen  (Gratuito;Agua:si;Wc:no;Vaciado:si;Elec:si)"
2.78579, 48.87739, "Area ac Eurodisney (Paris)  (Gratuito:no(30 eur/dia);Agua:si;Wc: si)"
-1.79573, 42.39275, "Area ac Falces  (Gratuito;Agua:si;Wc:no;Vaciado:si;Electr:no)"
11.98694, 54.94865, "Area ac Faro  Gratuito; Agua: si; Wc: si"
-8.67272, 39.63222, "Area Ac Fatima  Gratuito: Si, Pernocta: Si Agua:  Si WC:Si"
6.28631, 45.74963, "Area Ac Faverges  (Gratuito;Agua:si;Wc:no;Vaciado:si;Elec:no)"
0.37427, 49.76029, "Area Ac Fecamp  (Gratuito;Agua:no;Wc:no;Vaciado:si;Elec:?)"
7.31173, 47.48877, "Area AC Ferrete  (Gratuito;Agua:2 eur; Electric:2 eur; Vaciado grises:si; negras:si; WC:no)"
-8.24015, 43.49342, "Area Ac Ferrol  Gratuito; Agua: si; Wc: no"
8.33785, 44.16540, "Area ac Finale Ligure  Tarifa:9eur/12h; Agua: si; Wc:no;Vaciado:si"
3.59044, 44.32586, "Area Ac Florac  (Gratuito;Agua:si(2eur);Wc:si;Vaciado:si;Elec:?)"
-8.58452, 42.79736, "Area Ac Fogar do Santiso (Teo)  (Gratuito;Agua:si;Wc:no;Vaciado:si;Elect:no)"
-6.85190, 43.34309, "Area AC Folgueirou (Illano)  (Gratuito;Agua:si;vaciado:si;WC:no; electric;no, piscina, bar)"
-0.02138, 44.56051, "Area Ac Fontet  Gratuito: no (7 eur/noche); Agua: si; Wc: si"
-1.21102, 48.35518, "Area Ac Fougeres  Gratuito; Agua: si; Wc: no"
-1.08700, 45.98174, "Area Ac Fouras  (gratuito:no;agua:de pago;wc:no)"
0.22974, 43.99403, "Area Ac Fources  (7eur/noche;Agua:si:Wc:si;Vaciado:si;Elect:si)"
-9.22010, 39.42841, "Area Ac Foz do Areilho  (Gratuito;Agua:si;Wc:si)"
-6.64944, 38.16982, "Area AC Fregenal de la Sierra  (Gratuito;Agua:si;vaciado:si;WC:si; electric;no)"
-3.29598, 42.76033, "Area Ac Frias  (6eur/noche;Agua:si;Wc:no;Vaciado:si;Elec:no)"
7.82561, 47.99943, "Area Ac Friburgo  (Tarifa:8eur/noche;Agua:si;Wc:no;Vaciado:si;Elect:si)"
-4.41215, 42.26485, "Area Ac Fromista  (Gratuito;Agua:si;Wc:no;Vaciado:si;Elec:?)"
9.66611, 50.55692, "Area Ac Fulda  (Gratuito:no(5eur/24h);Agua:si;Wc:si;Vaciado:si;Elec:si)"
0.97209, 44.49813, "Area Ac Fumel  Agua: Si, Wc: Si, Gratuito: Si"
9.76614, 49.00229, "Area Ac Gaildorf  (Gratuito;Agua:si;Wc:no;Vaciado:si;Elec:?)"
11.10716, 47.50466, "Area Ac Garmisch-Partenkirchen  (15eur/noche;Agua:si;Wc:si;Vaciado:si;Elec:?)"
4.23505, 46.57769, "Area ac Genelard  Gratuito; Agua: si; Wc: si; Grises: si"
5.19763, 43.91512, "Area Ac Gordes  (Gratuito;Agua:si;Wc:no;Vaciado:si;Elec:no)"
1.38481, 44.73399, "Area Ac Gourdon  (Gratuito;Agua:si;Wc:no;Vaciado:si;Elec:si)"
-6.87588, 43.21565, "Area Ac Grandas  (Gratuito;Agua:si;vaciado:si;WC:no; electric;no)"
3.11004, 43.09594, "Area Ac Gruissan plage   (8.50eur/24h;Agua:si;Wc:si;Vaciado:si;Elec:si(3eur);duchas)"
-7.87941, 43.17727, "Area Ac Guitiriz  (Gratuito;Agua:si;Wc:no;Vaciado:si;Elect:si)"
9.35982, 52.09552, "Area ac Hamelin  (Gratuito:no(8eur);Agua:no;Wc:no;Vaciado:?;Elect:si)"
9.64856, 51.42018, "Area Ac Hannoversch Munden  (Gratuito:no(6eur/24h);Agua:si;Wc:si;Vaciado:si;Elec:si)"
9.34615, 50.56852, "Area ac Herbstein  Gratuito;Agua:si;Wc:no;Vaciado:si;Elect:si(1eur)"
9.41451, 51.02763, "Area Ac Homberg  Gratuito;Agua:si(1eur);Wc:si;Vaciado:si;Electr:si(gratis)"
-3.16446, 41.84390, "Area ac Hontoria del Pinar  (Gratuito;Agua:si;Wc:no;Vaciado:si;Elect:no)"
-1.38536, 42.77624, "Area Ac hotel Ekai   Area privada junto a restaurante. Gratuito, agua, wc y duchas."
20.29344, 49.16100, "Area ac Hotel Slenecny Dom   (Precio:10eur/noche;Agua:si;Wc:si;Vaciado:si;Elec:si)"
-4.03972, 37.18611, "Area Ac Huetor-Tajar  (Gratuito;Agua:si;Wc:si;Vaciado:si;Elect:no)"
10.96335, 50.86823, "Area Ac Ichtershausen  (Gratuito;Agua:si;Wc:no;Vaciado:si;Elec:si)"
-8.86860, 42.53564, "Area Ac Illa de Arousa   (Area privada;10eur/noche;Agua:si;Wc:no;Vaciado:si;Elec:si)"
-1.97101, 43.29782, "Area Ac Illunbe (San Sebastian)  (Gratuito;Agua:si;Wc:no;Vaciado:si;Elect: no)"
-1.85359, 37.26221, "Area Ac Indalo   (10eur/noche;Agua:si;Wc:si;Vaciado:no;Elec:?)"
-0.25736, 44.54460, "Area ac Intermarche de Langon  (Gratuito;Agua:si;Wc:no;Vaciado:si;Elec:?)"
-0.54552, 42.56766, "Area Ac Jaca  (Gratuito;Agua:si;vaciado:si;WC:no; electric;no)"
-1.07611, 39.18758, "Area Ac Jalance  (Gratuito;Agua:si;Wc:no;Vaciado:si;Elec:no)"
-1.61161, 47.62161, "Area ac Jans  Gratuito; Agua:si;Wc:si; Vaciado: si; Elec: no"
21.50917, 65.14335, "Area AC Javre (E4)  (Gratuito;Agua:si;vaciado:si;WC:si; electric;no)"
-2.55029, 47.95631, "Area Ac Josselin  Gratuito; Agua: si (2 eur); Wc: si"
6.04390, 59.01730, "Area ac Jørpeland  (Tarifa:13eur/24h;Agua:Si;Wc:si;Vaciado:no;Elec:si;Ducha:si)"
16.38084, 56.68133, "Area AC Kalmar  (Gratuito;Agua:si;vaciado:si;WC:si; electric;no)"
15.59416, 56.16987, "Area AC Karlskrona  (Gratuito;Agua:si;vaciado:si;WC:no; electric;no)"
7.81650, 48.56340, "Area Ac Kehl  (10eur/noche;Agua:si;Wc:no;Vaciado:si;Elec:?)"
-2.85840, 47.52218, "Area ac Kerver  (Precio:6eur/noche;Agua:si;Wc:no;Vaciado:si;Elec:no)"
4.71607, 52.01281, "Area ac Klein Amerika (Gouda)  Tarifa:7 eur/di­a;Agua:no:Wc:si (de pago)"
-2.96401, 43.25968, "Area Ac Kobetamendi (Bilbao)  15eur-dia,Agua Si, WC Si"
16.29915, 48.33522, "Area AC Kritzendorf  (Gratuito;Agua:si;Wc:no;Vaciado:si;Elec:?)"
0.67527, 40.65913, "Area Ac L Encanyissada  Gratuito;Agua: si (3 eur.); Wc: si: Sumidero grises y negras"
-6.11623, 40.48848, "Area Ac La Alberca  (Gratuito;Agua:si;Wc:no;Vaciado:si;Elect:no)"
-4.78079, 41.91119, "Area Ac La Ampudia  (Gratuito;Agua:si;wc:no;Vaciado:si;Elec:?)"
-2.43577, 39.39714, "Area AC La Celadilla, San Clemente  (Gratuito;Agua:si;vaciado:si;WC:no; electric;no)"
-2.21501, 46.96568, "Area Ac La Gueriniere  (12eur/noche;Agua:si:Wc:no;Vaciado:si;Elect:si)"
-1.40511, 43.79533, "Area Ac La Plage (Vieux-Bocau)  11 eur/noche. Electricidad: si; cercano a la playa"
-6.10098, 43.15947, "Area AC La Plaza (Teverga)  (Gratuito;Agua:si;vaciado:si;WC:no; electric;no)"
-2.43130, 37.95930, "Area Ac La Puebla de Don Fadrique  (Gratuito;Agua:si;wc:no;Vaciado:Si;Elec:no)"
-1.41840, 46.66830, "Area Ac La Roche Sur Yon  (Gratuito;Agua:si;Wc:si;Vaciado:si;Elec:?)"
0.17270, 40.41604, "Area AC La Salzadella  (Gratuito;Agua:si;Wc:no;Vaciado:si;Elec:no)"
1.46506, 42.35876, "Area Ac La Seu dUrgell  (Gratuito;Agua;si:Wc:no;Vaciado:si;Electr:si)"
9.85907, 44.10417, "Area Ac La Spezia  (Gratuito;Agua:si;Wc:no;Vaciado:si;Elec:no)"
-1.14810, 44.65154, "Area ac La Teste de Buch  Gratuito;Agua:si;Wc:no;Vaciado:si;Elec:no"
1.18395, 44.82434, "Area Ac La-Roque-Gageac  (7 eur/noche;Agua:si(2 eur);Wc:no;Vaciado:si;Elec:no)"
-2.79458, 42.58719, "Area Ac Labastida  (Gratuito;Agua:si;Wc:no;Electr:si(2eur/h))"
-1.15096, 44.32886, "Area Ac Lac de Gastes  (de 2 a 7eur/noche;Agua:si;Wc:si;Vaciado:si;Elec:no)"
5.71451, 48.93806, "Area Ac Lac de Madine  (10eur/24h;Agua:si;Wc:si;Vaciado:si;Elec:no)"
1.31891, 47.47935, "Area Ac Lac de Ouchamps  (Gratuito;Agua:si:Wc:si;Vaciado:si;Elect:?)"
3.38939, 43.64677, "Area Ac Lac de Salagou  (7eur/noche;Agua:si;Wc:si;Vaciado:si;Elec:no)"
-1.08447, 44.48619, "Area Ac Lac de Sanguinet  (8eur/noche;Agua:si;Wc:si;Vaciado:si;Elec:no)"
5.69212, 46.46733, "Area ac Lac de Vouglans  (6eur/24h;Agua:si(2eur);Wc:si;Vaciado:si;Elec:no)"
6.30367, 46.81250, "Area AC Lago de Saint-Point  (7,50 euros/24h Agua:Si WC:Si)"
-8.67895, 37.11581, "Area Ac Lagos  (3eur/noche;Agua:si(1eur);Wc:si;Vaciado:si;Elec:no)"
2.62028, 43.09275, "Area Ac Lagrasse  Gratuito; Agua: si; Wc: no; parking en pueblo pequeño"
-4.77684, 48.44747, "Area Ac Lampaul Plouarzel  (Precio:7eur/24h;Agua:si;Wc:si;Elec:no)"
-4.03826, 48.49433, "Area ac Lampaul-Guimiliau  (Gratuito;AGua:si;Wc:no;Vaciado:si;Elec:no)"
-3.43927, 43.21760, "Area Ac Lanestosa  (5eur/noche;Agua:si;Wc:si;Vaciado:si;Duchas:si;Elec:si)"
18.03195, 59.32021, "Area AC Langholmens Estocolmo  (300 SEK;Agua:si;vaciado:si;WC:si; electric;si; duchas:si 5 SEK)"
-0.21663, 44.52666, "Area Ac Langon  (Gratuito:no;Agua:si;Wc:si;Vaciado:si;Elec:?;Area privada)"
2.12998, 43.70418, "Area Ac Lautrec  (Gratuito;Agua:si;Wc:no;Vaciado:si;Elec:?)"
2.83773, 42.52724, "Area Ac Le Boulou  Gratuito; Agua: si; Wc: si"
3.51746, 43.28591, "Area Ac Le Cap d Agde  (10eur/noche;agua:si;Wc:no)"
-3.82716, 48.70800, "Area Ac Le Diben  (Gratuito;Agua:si;Wc:si;Vaciado:si;Elec:no)"
6.43199, 43.15187, "Area ac Le Lavandou  Tarifa: 15 eur/noche; Agua: Si; wc: si; Grises: si; Elec:no"
-1.05453, 45.54596, "Area Ac Le Verdon-sur-Mer  Gratuito No(5eur)  Agua:Si(2eur) WC:No"
-2.50720, 43.35839, "Area ac Lekeitio  Gratuito; Agua: si; Grises: si; Electr: no"
0.52525, 44.88311, "Area Ac Lembras  (Gratuito;Agua:si:Wc:no;Vaciado:si;Elect:si)"
-5.58494, 42.60462, "Area ac León  (Gratuito;Agua:si;Wc:si;Vaciado:si;Elec:no)"
2.28419, 42.23575, "Area Ac les 5 Fonts  (Gratuito,Agua:si,Wc:no,Vaciado:si)"
2.06857, 42.56351, "Area Ac Les Angles  Gratuito: si; Agua: si; Wc: si"
6.73533, 44.93427, "Area Ac Les Marmotes (Montgenevre)  (10eur/24h;Agua:si;Wc:no;Vaciado:si;Elec:si)"
-1.48340, 46.22943, "Area ac Les Portes en Re (Isla de Re)  (10eur/noche;Agua:si;Wc:si;Vaciado:no;Elec:?)"
1.00952, 44.93885, "Area Ac Les-Eyzies-de-Tayac  Gratuito: no(4eur/noche); Agua: si; Wc: si"
3.01995, 42.91385, "Area AC Leucate Le Goulet (Lago)  (13,80 eur/24h;Agua:si;vaciado:si;WC:si; electric;no)"
3.05271, 42.90023, "Area AC Leucate plage  (13,80 euros/24h:Vaciado:si.Agua:Si WC:Si)"
9.70041, 47.55847, "Area Ac Lindau  (Tarifa:10eur/noche; Agua: si(0.50eur);Vaciado:si; Wc:no)"
1.81846, 43.86204, "Area ac Lisle sur Tarn  Gratuito; Agua: si; Wc: no"
-1.90135, 43.26799, "Area ac Listorreta  (Gratuito;Agua:si;Wc:si;Vaciado:si;Elect:no)"
7.46294, 45.41292, "Area Ac Locana-Nusiglie  (5eur/24h;Agua:si;Wc:si;Vaciado:si;Elec:si(3eur))"
-4.21240, 48.09817, "Area Ac Locronan  (5eur/noche;Agua:si;Wc:si)"
-2.45729, 42.47809, "Area ac Logroño  Gratuito; Agua: si; Wc: no; Grises: si"
-5.47919, 39.33305, "Area Ac Logrosan  Gratuito; Agua: si; Wc: no"
-7.75639, 43.73056, "Area Ac Loiba  (Gratuito;Agua:si;Wc:si;Vaciado:si;Elec:si)"
-1.25806, 38.07944, "Area Ac Lorqui  (Gratuito;Agua:si;Wc:no;Vaciado:si;Elec:no)"
10.48860, 43.84024, "Area Ac Lucca  (16eur/noche;Agua:si;Wc:?)"
10.63311, 45.46066, "Area ac Lugana Marina (Lago di Garda)  Tarifa:20eur/24h;Agua:si;Wc:si;Vaciado:si;Elect:si(3eur)"
-7.56139, 43.00445, "Area Ac Lugo  Gratuito; Agua: si; Wc: no"
-5.81086, 43.40706, "Area Ac Lugones  (Gratuito;Agua:si;Wc:no;Vaciado:si;Elec:no)"
-7.72207, 42.40932, "Area AC Luintra  (Gratuito;Agua:si;vaciado:si;WC:no; electric;no)"
7.22823, 45.43396, "Area Ac Lungolago (Ceresole Reale)  (Gratuito:no(8eur/noche);Agua:si;Wc:si;Vaciado:si;Elec:no)"
-6.95713, 41.53762, "Area Ac Macedo de Cavaleiros  Gratuito; Agua: si; Wc: no"
9.31547, 45.91843, "Area Ac Mandello de Lario  (Gratuito;Agua:si;Wc:no;Vaciado:si;Elec:no)"
-8.85318, 42.63352, "Area Ac Mañons (Boiro)  Gratuito; Agua: si; Wc: si"
8.77528, 50.80368, "Area ac Marburg  (Gratuito:no(8eur);Agua:Si;Wc:si;Vaciado:si;Elect:si)"
10.27903, 43.67857, "Area Ac Marina di Pisa  (8eur/noche;Agua:si;Wc:si;Vaciado:si;Elect:si)"
9.34382, 42.86634, "Area AC Marine de Giotani (Barrittali)  (10eur/noche;Agua:si;vaciado:si;WC:no; electric;no)"
5.10465, 52.45650, "Area Ac Marken  Gratuito: no, Agua: no, Wc: si"
12.47127, 37.88929, "Area AC Marsala  (Gratuito;Agua:si;vaciado:si;WC:si; electric;no)"
1.03811, 46.80550, "Area Ac Martizay  (Gratuito;Agua:si;WC:si)"
-7.37375, 39.39422, "Area Ac Marvao  (Gratuito;Agua:si;Wc:no;Vaciado:si;Elec:no)"
1.77321, 41.36806, "Area ac Masia Can Batlle (AvinyÃ³ Nou)  Gratuito; Agua: si; Wc: no; Grises: si; Electr: no"
3.09813, 42.07503, "Area Ac Massis del Montgri  (10eur/noche;Agua:si;WC:si;Electr:si;Duchas:si)"
7.22835, 50.32236, "Area Ac Mayen   (Gratuito;Agua:si;Wc:no;Vaciado:no;Elec:no)"
-2.43203, 41.17138, "Area Ac Medinaceli  Gratuito; Agua: si; Wc: no"
14.81341, 68.49410, "Area AC Melbu - Vesteralen  (11,35 eur.;Agua:si;vaciado:si;WC:no; electric;si)"
-2.49115, 47.40462, "Area AC Mesquer - Quimiac  Gratuito: Si, Agua: No, WC: No"
0.30922, 43.43304, "Area ac Mielan  (Gratuito;Agua:si;Wc:si;Vaciado:si;Elect:?)"
-1.29813, 44.20470, "Area Ac Mimizan Plage I   	(Gratuito:no(12eur/24h);Agua:si;Wc:no;Vaciado:si;Elec:?)"
-1.28210, 44.21276, "Area Ac Mimizan Plage II   	(Gratuito:no(6eur/24h);Agua:si;Wc:no;Vaciado:si;Elec:?)"
1.87394, 43.08502, "Area ac Mirepoix  Gratuito;Agua:si;Wc:si;Vaciado:si;Eletr:no"
-7.37014, 43.42769, "Area Ac Mondoñedo  Gratuito; Agua: si; Wc: no"
6.23220, 50.55400, "Area Ac Monschau   (7eur/noche;Agua:si;Wc:no;Vaciado:si;Elec:si)"
2.12249, 42.50764, "Area Ac Mont-Louis  (5eur/noche;Agua:si;Wc:no;Vaciado:si;Elec:no)"
6.79132, 47.50663, "Area Ac Montbéliard  Gratuito Si  Agua potable:Si WC:No"
1.20173, 47.15773, "Area AC Montresor  (Gratuito;Agua:si;vaciado:si;WC:no; electric;no)"
0.18939, 41.91864, "Area Ac Monzon  (Gratuito;Agua:si;Wc:si;Vaciado:si;Elec:?)"
-0.09144, 40.62407, "Area Ac Morella  (Gratuito;Agua:si;Wc:no)"
-3.83156, 48.57417, "Area Ac Morlaix  (Gratuito;Agua:si;Wc:si;Vaciado:si;Elec:?)"
3.32464, 46.55806, "Area Ac Moulins  (10eur/noche;Agua:si:Wc:no;Vaciado:si;Elect:si)"
0.81055, 46.33329, "Area Ac Moulismes  Gratuito; Agua: si (2 eur.); Wc: si"
-1.48139, 38.03972, "Area ac Mula  (Gratuito;Agua:Si;Wc:no;Vaciado:si;Elect:?)"
-0.06916, 46.37796, "Area AC Museo de los Tumulos (Bougon)  (Gratuito;Agua:si; Electri:si; Vaciado grises:si; negras:no; WC:si)"
6.19342, 48.69226, "Area Ac Nancy  (10eur/24h;Agua:si;Wc:si;Vaciado:si;Elec:si)"
5.60363, 46.15671, "Area ac Nantua  (Tarifa:7eur/noche;Agua:si;Wc:si)"
1.90929, 41.75669, "Area Ac Navarcles  Gratuito; Agua: si; Wc: no"
-6.54168, 43.40394, "Area Ac Navelgas  (Gratuito;Agua:si;Wc:si;Vaciado:si;Elec:?)"
-6.72217, 43.54500, "Area Ac Navia  (Gratuito;Agua:si;Wc:si;Vaciado:si;Elec:?)"
-8.73342, 42.91201, "Area AC Negreira  (Gratuito;Agua:si;vaciado:si;WC:no; electric;no)"
-2.25208, 47.00080, "Area Ac Noirmoutier     (8eur/noche;Agua:si:Wc:no;Vaciado:si;Elect:si)"
10.48438, 48.85535, "Area ac Nordlingen  Gratuito;Agua:si;Wc:si;Vaciado:si;Elec:si(1eur/8h)"
6.03648, 46.77252, "Area Ac Nozeroy  Gratuito: no (5 eur/noche); Agua: si; WC:si; Ducha: si"
-7.93867, 43.53751, "Area AC O Carballo (As Somozas)  (Gratuito;Agua:si;vaciado:si;WC:si; electric;no)"
-8.83372, 42.27555, "Area AC O Igrexario  (12 Euros;Agua:si;vaciado:si;WC:si; electric;si 3 eur)"
-2.40563, 43.02792, "Area AC OÃ±ati  (Gratuito;Agua:si;vaciado:si;WC:si; electric;no)"
10.28578, 47.40849, "Area Ac Oberstdorf  (Gratuito:no(17.2eur);Agua:si;Wc:si;Vaciado:si;Elec:?)"
-9.15703, 39.35640, "Area Ac Obidos  Gratuito: no (6 eur/noche); Agua: si (2 eur); Wc: no"
9.51126, 49.19718, "Area Ac Ohringen   	(Gratuito:no(8eur/24h);Agua:si;Wc:si;Vaciado:si;Elec:si)"
-0.60846, 43.18371, "Area ac Oloron St Marie  (Gratuito;Agua:si(de pago);Wc:no;Vaciado:si;Elec:si(de pago))"
7.39047, 47.49189, "Area AC Oltingue  (Gratuito;Agua:2 eur; Electric:2 eur; Vaciado grises:si; negras:si; WC:si)"
-5.25306, 36.94139, "Area ac Olvera (Via verde de la Sierra)  (Gratuito;Agua:si(5eur);Wc:no;Vaciado:si;Elec:si)"
1.02518, 45.93565, "Area Ac Oradour-su-Glane  Gratuito: si; Agua: si; Wc: si"
-1.48806, 43.17861, "Area AC Ordoki  (Gratuito;Agua:si;vaciado:si;WC:no; electric;no)"
8.41193, 45.79726, "Area Ac Orta San Giulio  Gratuito;Agua:si;Wc:si;Vaciado:si;Elec:no"
-6.73389, 43.56083, "Area ac Ortiguera  (Gratuito;Agua:si;Wc:no;Vaciado:si;Elec:?)"
10.67590, 59.91824, "Area ac Oslo  (Tarifa:25eur/24h;Agua:Si;Wc:si;Vaciado:no;Elec:si;Ducha:si)"
-7.64381, 43.56505, "Area Ac Ourol   (Gratuito;Agua:si;Wc:no)"
-5.82377, 43.38283, "Area Ac Oviedo  (Gratuito;Agua:si;Wc:no;Vaciado:Si;Elect:no)"
-3.04694, 48.78250, "Area Ac Paimpol  Gratuito: si; Agua: si; Wc: no"
-7.57146, 42.38278, "Area Ac Parada de Sil  Gratuito; Agua: si; Wc: si"
0.06661, 38.64900, "Area AC Paraiso Camper (Calpe)  (12eur/24h;Agua:si;Wc:si;Vaciado:si;Elec:si 2 eur)"
10.53539, 44.58931, "Area AC Parco Pineta Vezzano  (De pago;Agua:si;vaciado:si;WC:no; electric;si)"
1.10247, 51.26232, "Area AC Park&Ride Canterbury  (3 libras;Agua:si;vaciado:si;WC:si; electric;no"
9.33596, 41.56393, "Area AC Parking de la plage Giuseppe, Plage Palomb  (10eur/noche;Agua:si;Wc:no;Duchas:si; Electr: no)"
0.40647, 40.37837, "Area AC parking Els Daus (PeÃ±iscola)  (6 eur/24 h;Agua:si;vaciado:si;WC:si; electric;no)"
-8.24369, 37.09830, "Area Ac Parque de Palmeira (Albufeira)  (7eur/noche;Agua:si;Wc:si;Vaciado:si;Elec:no)"
5.15376, 43.62857, "Area Ac Pelissane  (Gratuito;Agua:si:Wc:no;Vaciado:si;Elect:no)"
-7.28626, 42.46894, "Area ac Pena da Mula (Quiroga)  Gratuito; Agua; si; Wc: no; Grises: si; Negras: si; Electr: no"
0.73078, 45.18768, "Area Ac Perigueaux  (6eur/24h;Agua:si;Wc:no;Vaciado:si;Elect:?)"
0.15718, 42.78636, "Area Ac Piau Engaly  (7.5eur/24h;Agua:si; Wc:si;Vaciado:si;Electr:si)"
-0.07718, 42.96053, "Area Ac Pierrefitte-Nestalas  Gratuito: si Agua: Si WC: si"
-3.69070, 40.23830, "Area AC Pinto  (Gratuito:No.Agua:Si WC:Si)"
-0.35694, 42.50571, "Area Ac Pirenarium (SabiÃ±anigo)  (4eur/noche;Agua:si;Wc:si;Vaciado:si;Elect:si)"
-4.19818, 47.79894, "Area Ac Plage des Sables Blancs  Gratuito; Agua: si; Wc: si"
0.39331, 40.57582, "Area Ac Planes del Reine  (8eur/noche;Agua:si;Wc:si;Vaciado:si;Duchas:si;Elec:si)"
4.44875, 45.37474, "Area Ac Planfoy   (Gratuito;Agua:si(2eur);Wc:no;Vaciado:si;Elec:si)"
3.05792, 41.81022, "Area AC Platja d Aro  (8EUR/24h.Agua:Si WC:No)"
-5.69571, 43.54450, "Area Ac Playa del Arbeyal (Gijon)  (Gratuito;Agua:si;Wc:no;Vaciado:si;Elec:no)"
-1.53460, 43.50672, "Area Ac Playa des Corsaires (Anglet)  Gratuito: no (6 eur/48h.); Agua: si; wc: no"
-2.14482, 48.58029, "Area Ac Ploubalay  (Gratuito;Agua:si;Wc:si;Vaciado: si;Elec:no)"
-3.79212, 48.69406, "Area ac Plougasnou  Gratuito; Agua: si; Wc:no; Vaciado: si: Elec:si"
-4.70729, 48.33771, "Area Ac Plougonvelin  (Gratuito:no(6eur/24h)Agua:si;Wc:si;Vaciado:si;Ducha:si)"
-7.39408, 42.56932, "Area ac Pobra do Brollon  (Gratuito;Agua:si;Wc:no;Vaciado:si;Elect:no)"
-5.56842, 43.25484, "Area ac Pola de Laviana  (Gratuito;Agua:si;Wc:si;Vaciado:si;Elec:?)"
-0.82864, 43.62839, "Area Ac Pomarez  (Gratuito;Agua:si;Wc:no;Vaciado:si;Elec:si)"
-6.58690, 42.54372, "Area Ac Ponferrada  (Gratuito;Agua:si;Vaciado:siWc:no)"
6.06122, 48.90235, "Area Ac Pont-a-Mousson     (8eur/24h;Agua:si;Wc:si;Vaciado:si;Elec:si)"
-8.63914, 42.43486, "Area Ac Pontevedra  (Gratuito;Agua:si; Wc:no;Vaciado:si;Elect:?)"
-2.09178, 47.12075, "Area Ac Pornic  (Gratuito;Agua:si:Wc:no;Vaciado:si;Elect:no)"
1.15365, 41.09357, "Area ac Port Aventura  (25eur/noche;Agua:si;Wc:si;Vaciado:si;Elec:si)"
-1.09008, 45.94716, "Area Ac Port des Barques  (7eur/noche;Agua:si(2eur);Wc:no;Vaciado:si;Elec:?)"
3.11373, 42.51776, "Area ac Port Vendres  (Tarifa:9eur;Agua:si;Wc:si;Vaciado:si;Elect:no)"
-8.78887, 37.85252, "Area ac Porto Covo  (Gratuito;Agua:si;Wc:no;Vaciado:si;Elec:no)"
9.84879, 44.05962, "Area Ac Portovenere  Gratuito: no; Agua: si; Wc: no"
-4.91753, 43.15212, "Area Ac Posada de Valdeon  (8eur/noche;Agua:Si;Wc:si;Vaciado:Si;Elect:si)"
-7.22189, 40.22981, "Area ac praia fluvial O Moinho  (Gratuito;Agua:si;Wc:no;Vaciado:si;Elec:?)"
-2.04778, 48.45194, "Area Ac Puerto de Dinan  (Gratuito;Agua:si;WC:no;Vaciado:si)"
-3.48327, 39.32651, "Area Ac Puerto Lapice  (Gratuito;Agua:si;wc:no;Vaciado:si;Elec:si)"
-7.27758, 39.34073, "Area Ac Puerto Roque  (Gratuito;Agua:si;Wc:no;Vaciado:si;Elec:si)"
2.01246, 43.56870, "Area Ac Puylaurens  (Gratuito;Agua:si;Wc:no;Vaciado:si;Elec:no)"
2.83923, 41.93956, "Area Ac Quart d Onyar   (Gratuito;Agua:si;Wc:no;Vaciado:si;Elec:no)"
-8.07721, 37.07342, "Area Ac Quarteira  (Precio:2eur/noche;Agua:si;Wc:no;Vaciado:si;Elec:?)"
11.13946, 51.79103, "Area Ac Quedlinburg  (8eur/noche;Agua:si;Wc:si;Vaciado:si;Elec:si)"
11.77516, 42.89456, "Area AC Radicofani (Valle de Orcia)  (Gratuito;Agua:si;vaciado:si;WC:no; electric;no)"
9.26554, 55.70675, "Area Ac Randbol  (Gratuito;Agua:si;Wc:si;Vaciado:si;Elec:no)"
-0.39716, 43.15689, "Area Ac Rebenacq   (Gratuito;Agua:si;vaciado:si;WC:si; electric;si)"
4.09242, 39.98514, "Area Ac Recinto ferial (Es Mercadall)  (8 euros;Agua:si;vaciado:si;WC:si; electric;si; duchas:si)"
1.13397, 42.43908, "Area Ac Rialp  (Gratuito;Agua:si;Wc:no;Vaciado:si;Elec:no)"
8.75769, 55.32483, "Area ac Ribe  (Gratuito; Agua:si; Wc:si;Vaciado:si;Elec:no)"
2.19365, 42.20253, "Area Ac Ripoll  (Gratuito;Agua:si;Wc:no;Vaciado:Si;Electr:no)"
-0.95563, 45.94459, "Area Ac Rochefort  (Gratuito;Agua:si;Wc:si;Vaciado:si;Elec:no)"
10.42847, 43.39840, "Area Ac Rosignano Solvay  Gratuito:no(30eur/noche);Agua:si;Wc:no;Vaciado:si"
9.97036, 49.50721, "Area Ac Rottingen  Gratuito: si, Agua: si, Wc: si"
7.29559, 47.95573, "Area ac Rouffach  (Gratuito;Agua:si(jeton);Wc:si;Vaciado:si;Elec:no)"
13.64519, 45.08894, "Area Ac Rovinj  Gratuito: no (25kn/hora); Agua: si; Wc: si"
6.66186, 47.92057, "Area Ac Rupt sur Moselle  Gratuito:si Agua:si WC:no"
-2.75989, 42.55933, "Area Ac S.Vicente de la Sonsierra  (Gratuito;Agua:si;Wc:no;Vaciado:si;Elect:?)"
-8.25381, 43.35474, "Area Ac Sada  (Gratuito;Agua:si;Wc:no;Vaciado:si;Elec:no)"
2.03770, 42.45764, "Area Ac Saillagouse  Gratuito; Agua: si; Wc: si"
-3.01287, 48.18293, "Area Ac Saint Aignan  (Gratuito;Agua:si;Wc:si;Vaciado:si;Elec:no)"
2.48668, 46.73438, "Area Ac Saint Amand Montrond  (Gratuito;Agua:no;Wc:si;Vaciado:si;Elec:?)"
-0.99979, 45.60424, "Area Ac Saint George de Didonne   (7eur/noche;Agua:si;Wc:no;Vaciado:si;Elec:?)"
7.37232, 48.23244, "Area Ac Saint Hippolyte  (Gratuito;Agua:si;Wc:no;Vaciado:si;Elec:?)"
-0.53689, 45.94528, "Area AC Saint Jean dAngely  (Gratuito;Agua:si;vaciado:si;WC:si; electric;no)"
0.92877, 43.14181, "Area AC Saint Martory  (3eur/dÃ­a ;Agua:si;vaciado:si;WC:si; electric;no)"
6.58173, 48.04526, "Area Ac Saint Nabord  Gratuito, agua potable, WC:no"
-0.60490, 45.14795, "Area AC Saint Paul  (Gratuito.Agua:Si WC:No)"
-1.07854, 43.73436, "Area AC Saint Paul les Dax  (Gratuito;Agua:si;Wc:no;Vaciado:si;Elect:no)"
-0.40186, 44.96390, "Area Ac Saint Romain de Virvee  (Gratuito;Agua:si;Wc:no;Vaciado:si;Elec:?)"
-0.68986, 45.38791, "Area AC Saint Thomas de Cognac  (Gratuito.Agua:Si WC:No)"
0.16317, 49.65087, "Area Ac Saint-Jouin-Bruneval  (Gratuito;Agua:si(de pago);Wc:si;Vaciado:no;Elec:?)"
4.63310, 46.84505, "Area AC Saint-Leger-sur-Dheune  Gratuito:Si Agua:Si WC:Si"
6.67275, 43.26457, "Area Ac Saint-Tropez  (Precio:11eur/noche;Agua:si;Wc:?;Vaciado:si;Elec:?)"
-0.62653, 45.75475, "Area Ac Saintes  Gratuito; Agua: si (5 eur); Wc: no"
-2.38521, 42.85337, "Area Ac Salvatierra-Agurain  (Gratuito;Agua:si;Wc:no;Vaciado:si;Elect:no)"
0.33159, 41.90606, "Area Ac San Esteban de Litera   (Gratuito;Agua:si;Wc:si;Vaciado:si;Elect:?)"
-1.66291, 43.38525, "Area Ac San Juan de Luz  Gratuito; Agua: si; Wc: si; sitio ruidoso"
2.50802, 41.88429, "Area Ac Sant Hilari Sacalm  (Gratuito;Agua:si;Wc:no;Vaciado:si;Elec:si)"
-7.01861, 43.25778, "Area AC Santa Eulalia de Oscos  (Gratuito;Agua:si;vaciado:si;WC:no; electric;no)"
-8.53028, 42.89755, "Area Ac Santiago de Compostela  Gratuito: si Agua: No WC: No"
-8.86183, 42.40952, "Area Ac Sanxenxo  (Area privada;10eur/noche;Agua:si;Wc:si;Vaciado:si;Elec:si)"
1.21243, 44.89558, "Area AC Sarlat La Caneda  Gratuito: no (5 eur/noche); Agua: si; Wc: no"
-0.38763, 43.40312, "Area AC Sauvagnon  (Gratuito;Agua:si;vaciado:si;WC:no; electric;no)"
2.31694, 44.21627, "Area Ac Sauveterre de Rouergue   (Gratuito;Agua:si;Wc:si;Vaciado:si;Elec:si)"
8.18096, 47.81525, "Area Ac Schluchsee   (10eur/noche;Agua:si;Wc:no;Vaciado:si;Elec:?)"
16.17960, 43.51267, "Area Ac Seget  (Precio:20eur/noche;Agua:si;Wc:si;Vaciado:si;Elec:no)"
-0.48167, 39.84806, "Area ac Segorbe  (Gratuito;Agua:si;Wc:no;Vaciado:si;Electr:no)"
-4.10818, 40.94103, "Area Ac Segovia  (Gratuito;Agua:si;Wc:no;Vaciado:si;Elect:no)"
-1.42621, 43.69240, "Area Ac Seignosse  (Gratuito:no(8eur/noche);Agua:si;Wc:si;Vaciado:si;Electr:?)"
4.09068, 46.26622, "Area Ac Semur-en-Brionnais  (Gratuito.Agua:Si WC:Si)"
14.89971, 44.99371, "Area AC Senj  (19eur/noche; Agua:si; WC:si; Grises y negras)"
3.61630, 43.36629, "Area Ac Sete  (10eur/noche;Agua:si;Wc:si;Vaciado:si;Elec:?)"
5.14326, 47.00408, "Area AC Seurre  (Gratuito.Agua:Si WC:No)"
-5.99390, 37.36620, "Area ac Sevilla  (Gratuito;Agua:si;Wc:no;Vaciado:si;Elec:?)"
-3.39364, 37.09937, "Area Ac Sierra Nevada  (5eur/24h;Agua:si;Wc:no;Vaciado:si;Elec:no)"
14.57120, 56.06374, "Area AC Solversborg autopista E22  (Gratuito;Agua:si;vaciado:si;WC:si; electric;no)"
-2.98962, 43.37371, "Area Ac Sopela  (Solo de jun a sept;gratuito;Agua:si;Wc:no)"
-1.21393, 42.49142, "Area Ac Sos del Rey Catolico  (4eur/noche;Agua:si;wc:si;Vaciado:Si;Elec:no)"
-0.07255, 42.95579, "Area AC Soulom  (Gratuito;Agua:si;vaciado:si;WC:no; electric;no)"
1.68069, 44.47074, "Area Ac St Cirq La Popie  Tarifa: 7 eur/noche; Agua: si (2 eur); Wc:si; Duchar; si; Electricidad: si (2 eur)"
-1.54642, 46.22740, "Area Ac St Clement des Baleines (Isla de Re)  (Precio:11eur/24h;Agua:si;Wc:no;Vaciado:si;Elec:si)"
1.04382, 44.86838, "Area Ac St Cyprien  Gratuito; Agua: si; Wc: no; Electicidad: si (3eur)"
1.08971, 45.01234, "Area Ac St Leon Sur Vezere  (5eur/noche;Agua:si;WC:no;Electricidad:si)"
-0.57572, 43.75920, "Area ac St Sever  (Gratuito;Agua:Si;Wc:no;Vaciado:si;Elect:no)"
-0.82118, 45.14921, "Area Ac St-Laurent-Medoc  (Gratuito;Agua:si;WC:si)"
-1.18127, 44.30765, "Area ac St.Eulalie en Born  Tarifa:6.5eur/noche;Agua,Wc,duchas,vaciado"
-0.08907, 48.40216, "Area Ac St.Pierre des Nids  Gratuito; Agua: si;Wc: no; Vaciado: si; Elec: no"
1.62888, 50.18250, "Area Ac St.Valery-sur-Somme  Gratuito: no; Agua: si; Wc: no"
-2.30691, 42.31606, "Area Ac Sta Engracia del Jubera  (Acceso dificil;Gratuito;Agua:si;Wc:si;Vaciado:si;Elec:?)"
8.83575, 53.11381, "Area ac Stadtwaldsee (Bremen)  (Tarifa:10eur/noche;Agua:si;Wc:Si;Vaciado:si;Elec:?)"
6.15109, 43.76075, "Area Ac Ste Croix du Verdon  (8eur/noche;Agua:si:Wc:si;Vaciado:si;Elect:?)"
9.46043, 50.31584, "Area ac Steinau an der Strabe  Gratuito;Agua:si;Wc:si;Vaciado:si"
7.79972, 48.56643, "Area AC Strasbourg-Estrasburgo  (Gratuito;Agua:si 2,5;vaciado:si;WC:no ; electric:si 2,5)"
2.38452, 47.77111, "Area ac Sully sur Loire  (Gratuito;Agua:si;Wc:no;Vaciado:si;Elect:no)"
7.63475, 46.31086, "Area Ac Susten  (Gratuito;Agua:si;Wc:no;Vaciado:si;Elec:si)"
3.05739, 42.08313, "Area AC Tallada d Emporda  (12 eur/24 h.;Agua:si;vaciado:si;WC:no; electric;si)"
0.42800, 41.86307, "Area ac Tamarite de Litera  (Gratuito;Agua:si;Wc:no;Vaciado:si;Elect:no)"
-6.94606, 43.56608, "Area ac Tapia de Casariego  (4eur/noche;Agua:si;Wc:no;Vaciado:si;Elec:no)"
-7.10734, 43.35971, "Area ac Taramundi  (Gratuito;Agua:si;Wc:si;Vaciado:si;Elect:?)"
-1.06977, 44.71710, "Area AC Taussat. Bassin de Arcachon  (Gratuito;Agua:si;vaciado:si;WC:no; electric;no)"
2.41583, 41.99468, "Area Ac Tavertet  (7eur/24h.;Agua:si;vaciado:si;WC:No; Duchas:No; elect:si)"
-1.68778, 41.99417, "Area Ac Termoludico Cascante  Gratuito; Agua: si; Wc: no"
7.10502, 47.81144, "Area Ac Thann  (Gratuito;Agua:no:Wc:si;Vaciado:si;Elect:no)"
7.10433, 47.80879, "Area AC Thann  (Gratuito;Agua:si 4 eur; vaciado:si; WC:no; electric;no)"
4.22399, 51.53186, "Area Ac Tholen  (Precio:8eur/noche;Agua:si;Wc:no;Vaciado:si;Elec:?)"
4.21924, 44.67232, "Area ac Thueyts  (Gratuito;Agua:si;Wc:no;Vaciado:si;Elec:no)"
-2.08383, 43.13389, "Area Ac Tolosa  (Precio:2eur/noche;Agua:si;Wc:no;Vaciado:si;Elec:no)"
-3.37592, 57.25084, "Area Ac Tomintoul Bowling Club  (7 libras;Agua:si;vaciado:si;WC:si; electric;no)"
-4.31611, 42.03667, "Area Ac Torquemada  (Gratuito;Agua:si;Wc:no;Vaciado:si;Elect:no)"
-6.57148, 40.22075, "Area Ac Torre de Don Miguel  (Gratuito;Agua:si;Wc:no;Vaciado:si;Elec:no)"
-7.04180, 41.18093, "Area ac Torre de Moncorvo  Gratuito; Agua: si; Wc: si (cierran por la noche)"
-1.25381, 40.09388, "Area Ac Torrebaja  (Gratuito;Agua:si;Wc:no;Vaciado:si;Elec:no)"
0.51417, 40.80278, "Area Ac Tortosa  Gratuito; Agua: si; Wc: no; Grises: si; negras: si; Electr: no"
3.38181, 50.60409, "Area Ac Tournai   (Gratuito;Agua:si;Wc:no;Vaciado:si;Elec:no)"
4.82221, 45.07314, "Area ac Tournon-sur-Rhone   Gratuito; Agua: si ;wc: no; Grises: si; Elec: no"
-3.23074, 48.79041, "Area Ac Treguier  Gratuito; Agus: si; Wc: no; Vaciado: si; Elec:"
6.62492, 49.74087, "Area Ac Trier/Treveris  (8 eur/noche;Agua:si;Wc:si;Duchas:si;Vaciado:si;Elec:si)"
-4.00859, 41.15342, "Area ac Turegano  Gratuito; Agua: si; Wc: no"
0.02328, 47.22557, "Area Ac Turquant  (Gratuito;Agua:si;Wc:si;Vaciado:si;Elec:no)"
-3.37933, 38.00650, "Area AC Ubeda  (Gratuito;Agua:si;vaciado:si;WC:no; electric;no)"
-2.85972, 39.98667, "Area Ac Ucles  (Gratuito;Agua:si;Wc:si;Vaciado:Si;Elect:no)"
10.00950, 48.40741, "Area ac Ulm  Gratuito: no; Agua: si (de pago); Wc: no"
-5.51310, 42.28755, "Area Ac Valencia de Don Juan  (Gratuito;Agua:si;Wc:no;Vaciado:si;Elec:no)"
-4.73697, 41.65579, "Area Ac Valladolid  Gratuito: si; Agua: si; Wc: no"
1.92724, 41.38233, "Area AC Vallirana  (Gratuito.Agua:Si WC:No)"
-2.98435, 37.19520, "Area Ac Venta del Dolar  (Gratuito;Agua:si;Wc:si;Vaciado:si;Elec:no)"
2.39088, 42.54287, "Area Ac Vernet-les-Bains  (Gratuito;Agua:si:Wc:no;Vaciado:si;Elect:si)"
1.55517, 44.48557, "Area Ac Vers  (Gratuito:no(5eur/noche);Agua:si;Wc:no;Vaciado:si;Elec:no)"
2.24112, 41.93452, "Area ac Vic  (Tarifa:5eur/noche;Agua:si(2eur);Wc:si;Vaciado:si;Elect:si(6eur))"
-8.74717, 41.93786, "Area ac Vila Nova de Cerveira  (Gratuito;Agua:si;Wc:si;Vaciado:si;Elec:?)"
2.38737, 41.84548, "Area Ac Viladrau  Gratuito:Si Agua:Si Electr:no"
1.69125, 41.34035, "Area ac Vilafranca del Penedes  (Gratuito;Agua:si;Wc:no;Vaciado:si;Elec:no)"
-1.43387, 37.52579, "Area ac Villa Brisa (Calnegre)  (Tarifa:7eur/dia;Agua:si;Wc:no;Vaciado:si;Elect:?)"
-7.67702, 43.29575, "Area Ac Villalba  Gratuito; Agua: si; Wc: si"
-6.98628, 43.31052, "Area Ac Villanueva de Oscos   (Gratuito;Agua:si;wc:no;Vaciado:si;Elec:no)"
0.88706, 47.54470, "Area AC Villedomer  (Gratuito;Agua:2 euros;vaciado:si;WC:si; electric;4 euros)"
2.85695, 46.39577, "Area Ac Villefrance d Allier  (Gratuito;Agua:si;WC:no)"
0.74033, 44.63844, "Area AC Villereal  (Gratuito;Agua:si;vaciado:si;WC:no; electric;no)"
-7.00304, 41.83382, "Area Ac Vinhais  (Gratuito;Agua:si;Wc:no;Vaciado:si;Elec:si)"
10.86199, 43.40271, "Area Ac Volterra  Gratuito: si; Agua: si; Wc: no"
0.79750, 47.40943, "Area Ac Vouvray  Gratuito: si; Agua: si (2 eur.); Wc: si"
9.59644, 52.88354, "Area AC Weltvogelpark  (Gratuito;Agua:si;vaciado:si;WC:si; electric;si 1 eur/8h)"
13.74265, 51.05696, "Area AC Wiessentorstrasse (Dresden)   (Gratuito:no(14eur);Agua:si;Wc:si;Vaciado:si;Elec:?)"
9.85379, 51.34575, "Area ac Witzenhausen  (5eur/noche;Agua:Si;Wc:no;Vaciado:si;Elect:si)"
-2.17018, 43.27792, "Area Ac Zarautz  (Gratuito;Agua:si;Wc:no;Vaciado:si;Elec:no)"
-2.29271, 42.97597, "Area AC Zegama  (Gratuito;Agua:si;vaciado:si;WC:si; electric;si 3 eur/2h)"
-2.26089, 43.24086, "Area AC Zestoa  (Gratuito;Agua:si;vaciado:si;WC:no; electric;no)"
-2.24863, 43.29286, "Area ac Zumaia  (Gratuito;Agua:si;Wc:no)"
3.22329, 51.19494, "Area ACs Brujas  (25 eur/noche)"
-4.42401, 37.46667, "Area ACs Cabra  Agua: Si/Vaciado: Si/Gratuita"
4.02116, 49.24885, "Area ACs CIS de Champagne (REIMS)  Gratuito Si, Agua Si, WC Si"
-5.50707, 36.75690, "Area ACs El Bosque  Agua: Si/Vaciado: Si/Gratuita"
-3.74168, 43.34486, "Area ACs Lierganes"
-2.95483, 42.68846, "Area ACs Miranda de Ebro  Agua Si/Vaciado Si/WC No/Gratuita"
-7.78032, 41.15572, "Area ACs Peso da Regua  (3 euros;Agua:si;vaciado:si;WC:no; electric:si)"
-6.41077, 38.42517, "Area ACs Zafra  Agua Si/Vaciado Si/WC Si/Gratuito"
-8.82530, 39.66134, "Area Autocaravanas Batalha  Gratuito: si; Agua: si; Wc: no"
-4.49976, 42.87147, "Area de Ac Cervera de Pisuerga  gratis: si agua: si wc: no"
-4.32033, 41.40168, "Area de ac Cuellar  (Gratuito;Agua:si;Wc:no;Vaciado:si;Elect:no)"
-7.77989, 42.60598, "Area de AC de Chantada  Gratuito: si, Agua: si, Wc: no"
1.56637, 50.67968, "Area de ac Equihen-Plage  (Gratuito:no(5 eur/noche);agua:si;wc:no;vaciado:si;Elec:no)"
-4.53493, 42.00401, "Area de Ac Isla dos Aguas (Palencia)  Gratuito: Si, Pernocta: Si Agua:  Si WC:No"
-0.47566, 43.88982, "Area de AC Mont de Marsan  (8,40 eur/dia;Agua:si 1 eur; vaciado:si; electric;1 eur; WC:no)"
-6.37121, 39.47993, "Area de ACs de Caceres  Gratuito: Si, Pernocta: Si Agua: Si WC:si"
-4.21184, 37.44227, "Area de ACs de Priego  Agua Si/Vaciado Si/WC Si/Gratuita"
6.12669, 47.62942, "Area de ACs Lac de Vesoul  (Gratuito;Agua:si:Wc:si;Vaciado:si;Elect:?)"
-8.03306, 42.21444, "Area de Cartelle (Ourense)  Gratuito: si, Agua: si, Wc: no"
2.40798, 41.63603, "Area de Montseny  Agua Si/Vaciado Si/WC Si/Gratuito"
-2.68501, 42.86667, "Area de servicios para autocaravanas de Vitoria-  gratuito: si, agua: si, wc:no"
1.58177, 41.28071, "Area del Penedes  Agua Si/Vaciado Si/WC Si/Gratuito"
-0.20743, 42.95853, "Arrens-Marsous  (Gratuito;Agua:si;Wc:no;Vaciado:si;Elect:?)"
19.20162, 50.02770, "Auschwitz  Gratuito: no; Agua: no; Wc: si"
3.13588, 41.85607, "Autocaravaning Palamos  (13eur/noche;Agua:si;WC:si;Electr.:s 2eur;Ducha:si 1eur)"
11.55014, 47.76311, "Bad-Tolz   (8eur/noche;Agua:si;Wc:si;Vaciado:si;Elec:?)"
-5.97295, 43.15595, "Barzana de Quiros  Gratuito:SI llenado y vaciado:Gratuito  Agua potable: Si WC: No grises: Si  negras: Si Tomas de elec"
-8.64876, 42.85971, "Bertamirans  Gratuito: Si, Pernocta: Si, WC: No, Agua: Si"
1.36995, 46.10941, "Bessines-sur-Gartempe  (Gratuito;Agua:si;Wc:si;Vaciado:si;Elec:si)"
5.05737, 49.79052, "Bouillon   (Gratuito;Agua:si;Wc:no;Vaciado:si;Elec:?)"
-7.35838, 43.65320, "Burela  Gratuito: Si, Pernocta: Si Agua: Si WC:No"
-3.81972, 43.35802, "Cabarceno"
-1.01922, 38.00200, "Camper park Casablanca (Zeneta)  (Area Ac privada;11eur/24h;Agua,Wc,Sumideros)"
-0.66000, 38.12092, "Camper Park San Fulgencio  (Tarifa:10eur/dia;Agua,Wc,vaciado,elect,wifi..)"
-1.04332, 38.00765, "Camperpark Huerta de Murcia  (Tarifa:12eur/noche;Area privada;Agua,wc,vaciado,electr..)"
-1.48127, 37.78394, "Camperstop SierraespuÃ±a (Totana)  (7eur/noche;Agua:si;Wc:no;Vaciado:si;Eletr:si)"
139.85050, -36.82772, "Caravan Park Kingston  (Gratuito;Agua:si;Wc:si;Vaciado:si;Elect:no?)"
2.36641, 43.20796, "Carcassone  gratuito: no , agua: si, wc: si"
-6.60823, 43.01334, "Casa Funsiquin  (Gratuito;Agua:si;vaciado:si;WC:si; Duchas:si; electric;no)"
2.52549, 43.32683, "Caunes Minervois  Agua: No, Wc: No, Luz: Si, Gratuito: Si"
5.03639, 49.12089, "Centre social d´Argonne (Les Islettes)  Gratuito:no(5eur);Agua:si;Wc:si;Vaciado:si;Elec:si"
1.48644, 42.45352, "Centro comercial River  (Gratuito; Agua: no; Wc: si; parking centro comercial)"
-0.66527, 45.12593, "Ciudadela de Blaye  (Gratuito:no;Agua:si;Wc:no;Vaciado:si;Elect:?)"
3.06844, 42.52464, "Collioure  Gratuito: no; Agua: si; Wc: si"
-15.58812, 27.97589, "Corral de los Juncos (Tejeda)  gratuito si, agua:si, wc:si"
14.20557, 45.78150, "Cuevas de Postojna    Tarifa: 15 eur/24h; Agua: si; Wc:si; Electricidad: si"
9.16928, 47.65805, "Döbele Kostanz  (Gratuito:no(15eur);Agua:si;Wc:si;Vaciado:si;Elec:?)"
-1.75498, 48.54753, "Dol de Bretagne  (Gratuito;Agua:si;Wc:si;Vaciado:si;Elec:?)"
2.04749, 45.40365, "Égletons  Gratuito: Si  Agua potable: Si (2 euros) WC: No"
-7.54972, 39.48151, "Embalse Povoa e Meadas  (Gratuito;Agua:si;Wc:si;Duchas:si;Vaciado:si)"
1.58873, 42.53544, "Encamp  Gratuito: no; Agua: si; Wc: no"
-2.47270, 48.62166, "Erquy  Gratuito: 4e, Agua: pagando, WC: No"
-1.77730, 42.71085, "Estacion de servicio de Legarda (A-12)  Gratuito; Agua: si (de pago); Wc: si; area de descanso en autovia"
0.43926, 42.79635, "Estacion esqui Peyragudes (sector Peyresourde)  Gratuito Si, Agua No, WC Si"
-4.37073, 43.03812, "Estacion Invernal Alto Campoo  (Gratuito;Agua:si;WC:si;Vaciado:si;Elec:no)"
-0.57419, 38.20814, "Europa Area (Santa Pola)  Tarifa: 10 eur/noche; Agua: si; Wc: si; Grises: si; wifi"
10.32481, 49.16217, "Feuchtwangen  (Gratuito;Agua:no;Wc:no)"
5.12190, 43.92067, "Fontaine de Vaucluse  Gratuito: no; Agua: si; Wc: si"
2.22206, 41.41314, "Forum Barcelona  gratuito: no, agua:si, wc:si"
-6.81725, 41.08846, "Freixo de Espada a Cinta  (Gratuito;Agua:si;Wc:no;Vaciado:si;Elec:no)"
-0.01932, 42.73823, "Gavarnie  (Tarifa:5eur/noche;Agua:si;Wc:no;Vaciado:si;Elec:no)"
2.22168, 42.52303, "Gorgues de Caranca  (9eur; Agua:si;Vaciado:si;Elect:no;Wc:no)"
-0.32885, 42.95668, "Gourette (Estacion de Esqui Alpino)  Gratuito ?, Agua No, WC No"
13.69942, 66.72461, "Holand  Gratutito; Agua: si; Wc: si; Grises: si; Elec: si"
-5.90537, 43.24798, "Hotel Mirador del Angliru  (5eur/noche;Agua:si;Wc:no;Vaciado:si(3eur);Elect:no)"
5.86018, 45.65341, "Ile aux Cygnes (Le Bourget du Lac)  Gratuito: No, Pernocta: Si Agua: Si WC:si"
-1.51697, 43.52636, "La Barre (Anglet)  Gratuto: no (6 eur/noche); Agua: si; Wc: si; Grises:si; Negras: si: Elect: no"
-2.04974, 47.09514, "La boutinardiere  Gratuito: 4e, Agua: pagando, WC: Si"
1.29907, 46.03356, "Lac de Saint Pardoux  (Gratuito;Agua:si;Wc:si;Vaciado:si;Elec:no)"
-1.16871, 45.00618, "LACANAU-OCEAN  9eur dia, Agua Si WC No"
-7.55564, 43.23990, "Lagoa de Cospeito  Agua: Si   WC: No    Gratuito: Si"
-1.06557, 41.73708, "Las Postas de La Joyosa  Gratuito;Agua:si; Wc:si;gasolinera con parking vigilado"
-1.34787, 47.31979, "Le Cellier  Gratuito; Agua: si; Wc: si; Grises: si; negras: si; Electr: no"
-0.93560, 46.89082, "Le Puy du Fou  gratuito: si , agua: si, wc: si"
1.68838, 42.78471, "Les Cabannes  Gratuito: no (4 eur/noche); Agua: Si (de pago); Wc: Si; Electricidad: si"
0.41090, 42.80155, "Les Seguettes (Loudenvielle)  (Gratuito;Agua:si;Wc:no;Vaciado:si;Elec:si)"
1.89973, 44.78422, "Leyme  (Gratuito;Agua:si;Wc:no)"
0.40844, 42.79672, "Loudenvielle-BALNEA (centro termoludico)  3eur dia, Agua Si, WC ?"
0.88521, 44.10563, "L´Abattoir Public (Valence d´Agen)    (Gratuito;Agua:si;Wc:si)"
9.33364, 42.81105, "Marine d Albo  Agua: Si, WC: No, Gratuito: Si"
-8.58099, 42.84532, "Milladoiro  Gratuito: Si, Pernocta: Si, WC: No, Agua: Si"
3.08240, 44.09492, "Millau  (10eur/noche;Agua:si;Wc:si;Elect:si)"
-7.51178, 42.52787, "Monforte de Lemos  Gratuito: Si , Pernocta: Si"
2.49686, 44.70806, "Montsalvy  Gratuito: si; Agua: si; Wc: si"
11.75636, 50.75566, "Neustadt an der Orla   (Gratuito;Agua:si;Wc:no;Vaciado:si;Elec:si)"
15.97696, 58.50749, "Norsholm  Tarifa: 20 eur/noche; Agua: si; Wc: si; Ducha: si; Elec: si"
-2.17146, 48.02292, "Paimpont (Area Autocaravanas)  Agua: Si, Wc: No, Gratuito: Si"
-4.05689, 40.92898, "Palazuelos de Eresma  Gratuito: si, Agua: Si, WC: no"
1.73344, 42.54538, "Parking Bullidor (Pas de la Casa)  Gratuito: no (1.10 eur/noche); Agua: si; Wc: no"
-9.27233, 42.88651, "Parking de autocaravanas del cabo de Finisterre  gratuito: si, agua: no, wc: no"
-8.77067, 40.54961, "Parque acuatico Vaga Splash  (Gratuito;Agua:si(2.5eur);Wc:si;Vaciado:si;Electr:si)"
24.82099, 63.23693, "Parque Nacional Salamajarvi  Gratuito; Agua: si; Wc: si"
-1.01969, 44.64030, "Parque ornitologico de Le Teich  (Gratuito;Agua:si;Wc:si;Vaciado:si;Elec:?)"
-4.68193, 41.29165, "Parque tematico del Mudejar (Olmedo)  (Gratuito;Agua:si;Wc:no;Vaciado:si;Elec:?)"
-0.08362, 38.56002, "Pista Central Tenis Benidorm  Tarifa: 12 eur/noche; Agua: si; Wc: si; Grises: si; Elec: si"
-0.61941, 42.90977, "Plateau de Lhers  (Tarifa:7eur;Agua:si;Wc:no;Vaciado:si;Elect:si;duchas:si)"
-1.48635, 43.57624, "Playa de Ondres  Gratuito: no; Agua: si; Wc: si"
-3.74346, 47.85390, "Pont Aven  Gratuito: Si, Agua: Pagando, WC: No"
-8.49938, 42.38884, "Pontecaldelas  Gratuito; Agua: si; Grises: si; Negras: si; Wc: no; Elect: no"
-3.13681, 47.48831, "Port Kerne (Quiberon)  Gratuito: no (5 eur/noche); Agua: si; Wc: no"
3.04088, 43.01348, "Port La Nouvelle  (7eur/noche;Agua:si(pagando);Wc:no)"
13.37229, 52.53819, "Reisemibilstation Berlin-Mitte  17eur dia Agua Si WC Si"
12.44485, 43.93504, "Republica de San Marino  Gratuito: Si, Agua: No , WC: no"
0.04478, 45.58037, "Roullet-Saint-Estephe  Gratuito; Agua: si; Wc: no"
-1.36278, 48.41111, "Saint Brice en Cogles   Gratuito: si; Agua: si; Wc: si"
3.10014, 45.03458, "Saint Flour  Gratuito; Agua: si (2 eur); Wc: no"
-1.36506, 46.19932, "Saint Martin de Re  (Tarifa:10eur/noche;Agua:si;Wc:no;Vaciado:si;Elect:?)"
0.80508, 44.39669, "Saint Sylvestre sur Lot  (Gratuito;Agua:si;Wc:si;Vaciado:si;Electr:?))"
-3.13893, 47.51153, "Salle Omnisports Saint-Pierre-Quiberon  Gratuito; Agua: si (2 eur); Wc: no; Grises: si; Negras: si; Elect: no"
7.74772, 43.80279, "San Remo  Gratuito: no (10 eur/noche); Agua: si; Wc: no"
3.02288, 41.77989, "Sant Feliu de Guixols  (Gratuito;Agua:si;Wc:no;Vaciado:si;Elec:no)"
1.49422, 42.46602, "Sant Julia de Loria  (Gratuito:?;Agua:si;Wc:no;Vaciado:si;Elec:?)"
-1.38419, 46.02827, "St Denis - Ile d oleron  Gratuito: 9e, Agua: pagando, WC: Si"
-1.43666, 46.35049, "Stade Municipal (La Tranche sur Mer)  (Precio:7eur/24h;Agua:si;Wc:no;Vaciado:si;Elec:no)"
9.67794, 40.08340, "Su Porteddu  (8eur/noche;Agua:si;WC:si;Electricidad:si)"
-1.61555, 46.46716, "Talmont Saint Hilaire  Gratuito si; Agua: si; Wc: no"
3.48255, 45.86873, "Thiers (iloa)  Agua: Si, Wc: Si, Luz: No, Gratuito: Si"
5.88781, 48.67925, "Toul  (Gratuito;Agua:si;Wc:no;Vaciado:si;elect:?)"
6.44211, 43.78299, "Trigance (Provenza) Área ACs  Gratuito: Depende de la época del año Pernocta: si WC: Si Agua:si"
-8.64650, 42.04335, "Tuy  Gratuito: si Pernocta: si WC: no Agua:si"
0.15556, 40.87389, "Valderrobres  Gratuito: Si  Agua potable: Si WC: No Sumidero de grises: Si Sumidero de negras: Si Electricidad: No"
-6.75165, 37.58107, "Valverde del Camino  Gratuito Si, Agua Si, WC No"
5.36963, 44.89777, "Vassieux-en-Vercors  Gratuito; Agua: si;Wc: no; Grises: si; Negras: no; Elec: no"
-2.60706, 37.55659, "Venta del Peral  (Gratuito;Agua:si;Wc:si;Vaciado:si;Elect:no)"
